{"cameraMode":{"drawMode":0,"name":"Shaded","section":"Shading Mode"},"sceneLighting":true,"audioPlay":false,"sceneViewState":{"showFog":true,"showMaterialUpdate":false,"showSkybox":true,"showFlares":true,"showImageEffects":true,"showParticleSystems":true},"in2DMode":false,"pivot":{"x":0.049999237060546878,"y":6.590000152587891,"z":0.0},"rotation":{"x":-0.08522728085517883,"y":0.10501324385404587,"z":-0.009033318608999253,"w":-0.9907733201980591},"size":68.4292984008789,"orthographic":false}